11000000100110000111110000000000
11000000000111011100000001000011
11000000011011000111110000000000
01111100000000000111110000000000
01111100000000000111110000000000
01111100000000000111110000000000
01111100000000000111110000000000
01111100000000000111110000000000
01111100000000000011010100000000
01001000001100010001000100110100
11111111001000010000001000110101
00000000010010010011000100010111
10000000000101010000001000110101
00000000010010000011001000110110
00000000000000011110111000000000
00001110001101100000000000000011
11111000000100000011000100000011
00110010001000000000000101111100
11111111111111110011011000000000
00000000000000000110110100101101
00110011100000000001101000010010
00110110000000000000000000000000
01101101001011100011011000000000
00000000000000000111000100000010
00101101000100010000001000000110
00101110001100010011011000000000
00000011111110000001010000110010
01111100000000000000000000000000
00000000000000000000000000000000
00000000001101100000000000000011
11111000001000000011000100111000
00000000000001110011101000110011
10000000000101010011010100000000
10010111001100010001000100110100
11111111001000010000001000110101
00000000100101110011001000110110
00000000000000011110111100000000
00001110001100100111110011111111
11111111001110000000000000110110
00011110001110000000000000110101
11101100001110000000000000000010
01000110001110000000000000001010
11000011001110000000000000001010
01000011001101010000111000010000
00010001001100010011010100001110
01010111001100100010000000110110
00000000000000000000000101101101
00111000000000000000001011111111
00000001000000010011100000000000
00000001111010010011100000000000
00000000110011100011100000000000
00100001100011000011010100000000
11101001001101000111100000111000
00000000001100100001110000111000
00000000001001111110001100111000
00000000000111010001000000110101
00000001011000010011010000001100
00111000000000000011001000011100
01000000001010100010101000101010
00101010001010100010101000101010
00101010001010100010101000101010
00101010001010100010101000101010
00101010001010100010101000101010
00101010001010100010101000101010
00101010001010100010101000101010
00101010001010100010101000100000
00100000000010100010101000101010
00101010001000000100111000101110
01001001001011100100011100101110
01000101001011100010000001001101
01100001011000110110100001101001
01101110011001010010000001000110
01001111010100100101010001001000
00100000001010100010101000101010
00001010001010100010101000101010
00101010001010100010101000101010
00101010001010100010101000101010
00101010001010100010101000101010
00101010001010100010101000101010
00101010001010100010101000101010
00101010001010100010101000101010
00101010001010100010101000100000
00100000000010100000101001000100
01010010010000010100110100100000
00110001001101100010111100110001
00110010001110000010000001001101
01101001010000100010110000100000
01010011010100100100000101001101
00100000011000100111100101110100
01100101011100110010000001100110
01110010011001010110010100001010
00001010001110000000000000000110
01111110001110000000000000001110
11001111001110000000000000001111
00101101001110000000000000000000
11001110001110000000000000100001
10001100000000000000000000110101
10001010000000000000000000000001
11000101000000000000000000000001
11000101000000000000000000000001
11000101000000000000000000000001
11000101000000000000000000000001
11000101000000000000000000000001
11000101000000000000000000000001
11000101000000000000000000000001
11000101000000000000000000000001
11000101000000000000000000000001
11000101000000000000000000000001
11000101000000000000000000000001
11000101000000000000000000000001
11000101000000000000000000110110
01001011000000000000010111111110
01000000000000000000000000000000
00000000000000000000000000000001
01000000000000000000000000000001
11000101100001100101001101001001
01001110010001110100110001000101
00000000000001110010000000110110
00000000000000111111000000000000
01110010000000000000000000000001
11001101100001010100110101010101
01001100010101000100100100000000
00001000001101000000000100110110
00000000000000111111000000000000
01110010000000000000000000000001
11100001100010100101000001010010
01000101010001010100110101010000
01010100010010010101011001000101
00000000000100010011100000000000
00000010000100110000001100110110
00000000000000111111000000001000
00110000001101100000000000000011
11110000000000000111001000110110
00000000000000111111000000000000
00000010001100010010000000000110
01110010001001010010010100110110
00000000000000111111001000000000
01001110001001010010010100110110
00000000000000111111010000000000
01001110001001010010010100110110
00000000000000111111011000000000
01001110000000000000000000000001
11110101100001000101011001001001
01010010010100010000000000000110
00111000000000000000001000101101
00101110010000000011011000000000
00000011111100100000000000000010
00000010001101001000000000001110
00000011000000110000011100000111
00100000000010000011000000110100
00000100000000100001111000000011
00001001000011100000001000001000
00011000000111000000001100000111
00100100101111111110111000001001
00001001000000010000000100110101
10000000000000000000001100110000
00111000000000000000000111101001
01000000001110000000000000000001
11010110000011000011011000000000
00000000000000101011000000110001
00010010001001010010010100110110
00000000000000000000001010110001
00001110000000100011011000000000
00000000000000101011000100011000
00011100100000000000100100000010
00101101000000110011010000000100
00001111111111111110111100000001
00111000000000000011010111101100
00111000000000000011011000011110
00110110000000000000000000000010
11110001001011010011100000000000
00000001111010010011110100110111
00000000000000000000000000000000
00000000000000000000000000000000
00000000000000000000000000000000
00000000000000000000000000000000
00000000000000000000000000000000
00000000000000000000000000000000
00000000000000000000000000000000
00000000000000000000000000000000
00000000000000000000000000000000
00000000000000000000000000000000
00000000000000000000000000000000
00000000000000000000000000000000
00000000000000000000000000000000
00000000000000000000000000000000
00000000000000000000000000000000
00000000000000000000000000000000
00000000000000000000000000000000
00000000000000000000000000000010
00111001100000110101001001010101
01001110010000001000011100111000
00000000000000011101011000110110
00000000000000000000001011110001
00101110000000100011011000000000
00000000000000101011000000110010
00110011100000000010010100100101
00100101001101100000000000000000
00000010101100010000001000000110
00001110000000110000001100000111
00000111000010000010111000110100
00000100000000100001111000000011
00001001000011100000001000001000
00011000000111000000001100000111
00100100101111111110111100001001
00001001000000010000000100110110
00000000000000111111001000000000
00110110000000000000001111110010
01111100000001110000001000101111
00110101100000000000000000100001
10000000000101000011010000000100
00001110000000100000100000011001
10000000000010100000100100000001
00000001001000000011100000000000
00000001111010010100000011111111
11100110000010010000000100000010
00110101100000000000000000000011
00110000001101100000000000000011
11110010000000000000111100010011
00010011000000100011100000000000
00000011111101000000001000110110
00000000000000000000001001110101
00000011001110000000000000000010
00100101001011100010000000011100
00111000000000000000000111101001
00111101010000000000000000000000
00000010111110011000010101001101
01000001010100110100101101000000
00000000000000110000001100101101
01100001000000000000000000000011
10001010100001010100110101000001
01010011010010110010000100000000
00001100000001110000001000101101
00001000001000110010000100000110
00001001001000010010001000000011
01101110001110000000000000000010
00011101001101000001111100111000
00000000000000111001001001000000
00111000000000000000001000011101
00110101000000111110000000111000
00000000000000111001001000110100
00000101001110000000000000100101
00101110010000000011100000000000
00000010000111010011010000011111
00111000000000000000001110100001
01000000000000110011010000000101
00111000000000000010010100010111
00000011001110000000000000000010
00011101001101010000001111100000
00111000000000000000001110100001
01000000000000000000000000000011
10011001100001000101011101000001
01001011010001010000000000101111
00111000000000000000000111010110
00110110000000000000001111110000
00000100001100010000010000000100
00111000000000000000001110101101
00000010000001110011100000000000
00000011110101010000010000000100
00111000000000000000001111001010
00000100000001000000001100111000
00000000000000111101010100000001
00001001000000110011100000000000
00000011110010100011100000000000
00000001111010010100000000000000
00000000000000111110110110000101
01010011010011000100010101000101
01010000000000000001111000111000
00000000000000011101011000000010
00111000000000000000001110101101
00000011001110000000000000000011
10111000000001000000010000111000
00000000000000111100101000000011
00111000000000000000001111010101
00111000000000000000000111101001
01000000000000000000000000000100
00100111100001000101001101010100
01001111010100000000000000011011
00111000000000000000000111010110
00000010001110000000000000000100
00101111001110000000000000000010
00011101001000000000001100110101
10000000000000000011100000000000
00000011101000010011100000000000
00000001111010010100000000000000
00000000000001000101000110001010
01010100010010000100100101010011
00101101010100110100110001000101
01000101010100000000000000001100
00110110000000000000001111110000
00000100001100010011100000000000
00000100001011110011110101000000
00000000000000000000010001110111
10001001010101000100100001001001
01010011001011010101001101010100
01001111010100000000000000001100
00110110000000000000001111110000
00000100001100010011100000000000
00000100010110000011110101000000
00000000000000000000010010010100
10000111010101000100100001001001
01010011001011010101011001001101
00000000000001100011011000000000
00000011111100000000010001110001
00000000000000000000010010110000
10000101010100000100000101010101
01010011010001011000000000000001
01111101000000000000000000000100
11000100100001110100000101000011
01010001010101010100100101010010
01000101000000000010100000111000
00000000000000100001001100000011
00000010001110000000000000000101
00101001000111001000000000001011
00000011001101100000000000000011
11110000000000000011001000111101
11111111111010100011011000000000
00000011111100000000010000110001
00110100111111110010010000000011
00110010001101100000000000000011
11110000000000000111001000000000
00000000000001001101000110000111
01010010010001010100110001000101
01000001010100110100010100000000
00011000001110000000000000000010
00010011000000110000001000111000
00000000000001010010100110000000
00000110001000000000001100110010
11000000000000100000000100110110
00000000000000111111000000000000
01110010001100010000001000011100
00000011001101100000000000000011
11110000000001000011000100110100
11111111001001000001011001100010
00000000000000000000010100000111
10000010010011010101001100000000
00110101001101100000000000000011
11111000001010000010110100000011
00000100000011100000001000110110
11111111111111111111111111111111
00010110100000000000001100000001
00100000000001000000010000011011
10000000000001000000001111000000
00000111000001010011011011111111
11111111111111111111111100111101
00000100000001000011011000000000
00000011111110000010100000101101
00000110000001100011100000000000
00011101100101101011111111110000
00000001010000010000000000000000
00000101001111001000011101000011
01001111010101010100111001010100
01000101010100100000000000000110
00110110000000000000001111111000
00101000011011010000000000000000
00000101011110101000010101010011
01000101010011010100100101010100
00000000001011110011011000000000
00000000001101011010111100111000
00000000000001001101101100111101
00110110000000000000000000000000
01101101001011010001110010111111
11110111001111010011011000000000
00000011111110000001110000110001
00110100000000100010000110111111
11110101001101100000000000000011
11111000000101000011001000110110
00000000000000000011010110101111
00111000000000000000010100010001
01000000000000000000000000000101
10001110100001010101001101001011
01000101010110010011111100000000
00011100001101100000000000000000
00110101101011110011100000000000
00000100110110110011010100000000
01001000001100010011010100000000
01001001001100010001011100110110
00000000000000000011010110101111
00111000000000000000010100010001
01000000000000000000000000000101
11001001100001000101001101001011
01000101010110010000000000101101
00110110000000000000000000110101
10101111001110000000000000000100
11011011001110000000000000000101
11010001001111011011111111111010
00110101000000000100100100000010
00110001000100010011010011111111
00100001000000100000011000110010
00110110000000000000000111101110
00000000000011100011000100110110
00000000000000000011010110101111
00111000000000000000010100010001
01000000000000000000000000000101
11110001100001010101001101010100
01011001010100000100010100000000
01000001001101100000000000000000
00110101101011110011100000000000
00000100110110110011001110000000
00101011000001000011000100111000
00000000000001011001011000000000
00110011100000000010000100000010
00000111001101100000000000000001
11101101000000000000001100111000
00000000001010001010010100001001
00010010001101100000000000000000
00000000011011010010111000110110
00000000000000011110110100000000
00110110000000000000000000000000
01110001001011100010000000000001
00110110000000000000000000110101
10101111001110000000000000000101
00010001010000000000000000000000
00000110001010011000010101010011
01011010010001010101001001001111
00000000000111100011011000000000
00000000001101011010111100111000
00000000000001001101101100110100
11111111000000100011010100000000
01001000001100100011010100000000
01001001001100100011011000000000
00000000001101011010111100111000
00000000000001010001000101000000
00000000000000000000011001110110
10000100010000100100000101010101
01000100000000000010001000110110
00000000000000000011010110101111
00111000000000000000010011011011
00110110001110111001101011001010
00000000000000110001000100101100
00000101001101100000000000000011
11111000000110000010111000110110
00000000000000000011010110101111
00111000000000000000010100010001
01000000000000000000000000000110
10100000100001010100101101001011
01000101010110010011111100000000
00011100001101100000000000000000
00110101101011010011100000000000
00000100110110110011010100000000
10010111001100010011010100000000
10011000001100010001011100110110
00000000000000000011010110101101
00111000000000000000010100010001
01000000000000000000000000000110
11001101100001000100101101001011
01000101010110010000000000101101
00110110000000000000000000110101
10101101001110000000000000000100
11011011001111010011100000000000
00000110110101011011111111111010
00110101000000001001100000000010
00110001000100010011010011111111
00100001000000100000011000110010
00110110000000000000000111101111
00000000000011100011000100110110
00000000000000000011010110101101
00111000000000000000010100010001
01000000000000000000000000000000
00000110111101011000100101010000
01010011001100100100010001000101
01000011010011110100010001000101
00000000110111010011010000010010
00000100000101100000010000110100
01011001000101100010001010000000
00000111000000010010000000110100
00000001110000001010000000110100
00010001000001000001011010000000
00000111000000010010000000110100
00000100110000001001010000110100
00010100000001000001011010000000
00000111000000010010000000110100
00001000110000001000100000110100
01011000000001000001011010000000
00000111000000010010000000110100
00000010110000000111110000110100
11100000000001000001011010000000
00000111000000010010000000110100
00100000110000000111000000110100
11110000000001000001011010000000
00000111000000010010000000110100
01000000110000000110010000110101
00000111001010010011000100000010
00110100010000000010000110000000
00000110000000010000000100100000
11000000010101000000001100000100
00110100000000110010000100000010
00110100000000010001011000000011
00110100000000100001011000100010
10000000000001100011010100001000
10001101110000000010010100000100
00110100001000000010000110000000
00011100000000100011010001001010
00010110100000000000011000110101
00001000101000011100000000001111
00000010001101000101101000010110
10000000000001100011010100001000
10010010110000000000010000110101
00001000100001001100000000000100
00110101000010000001011100001110
00110001000001000011010000001000
00100001100000000000010000110100
01100000000011110000001100110100
00000100001000011000000000000100
00110100100000000000111000000010
00011110100000000000001100000001
00100000001000000011010100000111
00101001000000100000011100110001
00110100110111110010000100110100
01000000000001000010000110000000
00010010000001000011010000000010
00100001100000000000010000000101
11000000000001000000001100100011
00100001001101001011111100100001
11000000000010110000010000110100
00000010001000011000000000000100
00100100110000000000001000100010
00001001001100100100000000000000
00010110000000000001001000010000
00001110000011110001100100000000
00010111000101010001001100010001
00001001011000000000000000000000
00000000000000000000000000000000
01110001001100010000000000000000
00000000011110100111001101100001
01110111001100100000000000000000
01100011011110000110010001100101
00110100001100110000000000000000
00100000011101100110011001110100
01110010001101010000000000000000
01101110011000100110100001100111
01111001001101100000000000000000
00000000011011010110101001110101
00110111001110000000000000000000
00101100011010110110100101101111
00110000001110010000000000000000
00101110001011110110110000111011
01110000001011010000000000000000
00000000001001110000000001011011
00111101000000000000000000000000
00000000000010100101110100000000
01011100000000000000000000000000
00000000000000000000000000000000
00000000000010000000000000000000
00000000000000000000011000000000
00000000000000000000000000000000
00101110000001010000000000000111
00000100000110110000000000011000
00101011000000000010110100101010
00000000000000000000000000000000
00000000000000000001010001111110
00000000000000000000000000000000
00000000000000000101000100100001
00000000000000000000000001011010
01010011010000010101011101000000
00000000000000000100001101011000
01000100010001010010010000100011
00000000000000000010000001010110
01000110010101000101001000100101
00000000000000000100111001000010
01001000010001110101100101011110
00000000000000000000000001001101
01001010010101010010011000101010
00000000000000000011110001001011
01001001010011110010100100101000
00000000000000000011111000111111
01001100001110100101000001011111
00000000000000000000000000100010
00000000011110110010101100000000
00000000000000000000000000001010
01111101000000000111110000101111
00001010000000110000000000000110
00001100000000000000000000000000
00001011011111110000010100000000
00000111000001000000000000000000
00000000000000000001111000000000
00000000000111010000000000000000
00000111001011101000100001000011
01010011010100100010110101000001
01000100010001000101001000000000
00101101001101100000000000000000
00110101101011100011100000000000
00000100110110110011010100001110
01101110001011010010010100110101
00001110100001010010110100110110
00000000000000111111100001011100
00110001001001010010100100000001
00001110001101100000000000000011
11111000000000000010110100001110
00110110000000000000000000110101
10101110001110000000000000000101
00010001010000000000000000000000
00001001000001101000100001000011
01010011010100100010110101010000
01001100010011110101010000000000
00011101001101100000000000000000
00110101101011100011100000000000
00000100110110110011010100001110
01010111001011110010001000111000
00000000000010010001000100110000
00110110000000000000000000110101
10101110001110000000000000000101
00010001010000000000000000000000
00001001010000101000011001000011
01010011010100100010110101001111
01001110000000000010101000110110
00000000000000000011010110101110
00111000000000000000010011011011
00110100010111110011010100001110
00010011001100010011010100000001
00000000001010100000000100100010
00111000000000000000100100010001
00000010001011110011010100001001
10100001001100000011000000110110
00000000000000000011010110101110
00111000000000000000010100010001
01000000000000000000000000000000
00000000000010010110111010000111
01000011010100110101001000101101
01001111010001100100011000000000
00101101001101100000000000000000
00110101101011100011100000000000
00000100110110110011010100001001
10100001001011110011100000000000
00001001000100010011000000110110
00000000000000000011010110101110
00111000000000000000010100010001
01000000000000000000000000001001
10100111100001100101001101000011
01010010010011110100110001001100
00000000010111110011011000000000
00000000001101011010111000111000
00000000000001001101101100110110
00000000000000111111100001011100
00110001001001010010100100000001
00110110000000000000001111111000
00000000001011010000111000000010
00110110000000000000010000000000
00000000000110001000000000001011
00000001001101100000000000000100
00000000000000000010000000011100
11000000001000110000001000110110
00000000000001000000000000000000
00110110000000000000001111111000
01011100001100010010010100110110
00000000000000111111100001011000
00110001001010100000000100001110
00000010000001100001100010000000
00000110000001010010000000011100
11000000000000110000000100100000
00000011001101100000000000000011
11111000000000000010111000110110
00000000000000000011010110101110
00111000000000000000010100010001
01000000000000000000000000001001
11010001100000110100001101001100
01010011000000000010111100110110
00000000000000000011010110101110
00111000000000000000010011011011
00110110000000000000010000000000
00000000000000100011010111111101
00100000001000000011100000000000
00001010101001100011100000000000
00101001001001010011011000000000
00000011111110000000000000101110
00111000000000000000101001111101
00110110000000000000000000110101
10101110001110000000000000000101
00010001010000000000000000000000
00001010001111011000010001001000
01001111010011010100010100000000
00011101001101100000000000000000
00110101101011100011100000000000
00000100110110110010000000110101
00001110011011100010111000100000
00110101000011101000010100101110
00110110000000000000000000110101
10101110001110000000000000000101
00010001010000000000000000000000
00001010011101101000010101010110
01010111010000010100100101010100
00000000000100000011011000000000
00000011111110000100100000111101
00000010001100010001110010111111
11111011000000100011000110111111
11111101010000010000000000000000
00001010100111101000011001010011
01000011010100100101001101000101
01010100000000000100111100110110
00000000000000000011010110101110
00111000000000000000010011011011
00110110000000000000001111111000
00001100001100010011010000000111
00100001000100100010010100110101
00001011000100100000010000001110
00101111001101100000000000000011
11111000010100000011000100010001
00101100000001010011011000000000
00000011111110000101110000110010
00110101000010110001101000001110
00101111001101100000000000000011
11111000010101000011000100010001
00110110000000000000001111111000
01001100001100010000111000101100
00000101000100100011011000000000
00000011111110000101100000110010
00110110000000000000000000110101
10101110001110000000000000000101
00010001010000000000001010000000
00000011001000000000010000000000
00000111100000000000000111100000
00000010010110000000001100000000
00000100001110000000000000000000
00001010101110101000011101001110
01000101010101110100110001001001
01001110010001010000000010000100
00110110000000000000000000110101
10101110001110000000000000000100
11011011001101010000111010000101
00101101000000100011011000000000
00000011111110000101100000110001
00010010000101101000000001011001
00000001001101000000000100111000
00000000000010011101101010000000
01001110001101100000000000000011
11111000000000000010110100110110
00000000000000111111100001011100
00110001001001010000111000110110
00000000000001000000000000000000
00110110000000000000001111111000
01011000001100010001001000110110
00000000000000111111100001011100
00110001001001010010101000000001
00000010000001110011100000000000
00001010101001100011100000000000
00101000101001010000100100110110
00000000000001000000000000000000
00001110000000100011011000000000
00000101111110100100000000000011
00001111000100110010000000111000
00000000001010010010010100110110
00000000000001000000000000000000
00110110000000000000001111111000
00000000001011101100000000000110
00010001001101010000111010000101
00101110001000000011010100001110
01101110001011100011011000000000
00000000001101011010111000111000
00000000000001010001000101000000
00000000000000000000101100100110
10000111010000110101001101010010
00101101010001100101011101000100
00000000001011100011011000000000
00000000001101011010111000111000
00000000000001001101101100110101
00001110011011100010110100000010
00110110000000000000001111111000
01011100001100010001001000010110
10000000000010000000000100111000
00000000000010110011000011000000
00000110000100010011010100001110
01101110001011100011011000000000
00000000001101011010111000111000
00000000000001010001000101000000
00000000000000000000101110111000
10001000010000110101001101010010
00101101010000100100000101000011
01001011000000000001111100110110
00000000000000000011010110101110
00111000000000000000010011011011
00110101000011100110111000101101
00110011100000000000011000010010
00110101000011100110111000101110
00110110000000000000000000110101
10101110001110000000000000000101
00010001010000000000000000000000
00001011111101001000011101000011
01010011010100100010110101010100
01000001010000100000000000110111
00110110000000000000000000110101
10101110001110000000000000000100
11011011001101010000111001101110
00101101001101010000111010011001
00101101000001000000010000101100
00000001000011110000111000000010
00110110000000000000001111111000
01011100001100010001001000011001
10000000000010000000000100111000
00000000000010110011000011000000
00000101001101010000111001101110
00101110001101100000000000000000
00110101101011100011100000000000
00000101000100010100000000000000
00000000000011000010001010000111
01000101010011010100100101010100
01010010010000010101011100000000
00011011001101100000000000000000
00110101101011100011100000000000
00000100110110110011100000000000
00001001010011010011100000000000
00001011110000100011011000000000
00000000001101011010111000111000
00000000000001010001000101000000
00000000000000000000110001100111
10000101010101100100010101001101
01001001010101000000000001011001
00110110000000000000000000110101
10101110001110000000000000000100
11011011001101000000101000000100
00010110100000000000100000000001
00111000000000000000101100110000
11000000001110100011010000001101
00000100000101101000000000000100
00000001110000000011000100110100
00001000000001000001011010000000
00001101000000010011100000000000
00001011111111110010000000111000
00000000000010010100110111000000
00011111001101000000100100000100
00010110100000000000100000000001
00111000000000000000110000101100
11000000000100100011010000001100
00000100000101101000000000001000
00000001001110000000000000001010
01000011110000000000010100111000
00000000000011000111000100110110
00000000000000000011010110101110
00111000000000000000010100010001
01000000000000000000000000001100
10010000100001110101010001011001
01010000010001010101001001000001
01010111000000000011000000110110
00000000000000000011010110101110
00111000000000000000010011011011
00110011100000000001101100000100
00001110000000110000001100000111
00000111000010000011000100111000
00000000000011000111000100001001
00010001000000100000100000011000
00011100000000110000011110111111
11110001000010010000100100000001
00000001001101100000000000000000
00110101101011100011100000000000
00000101000100010100000000000000
00000000000011001111010110000101
01010110010101000101100101010000
01000101000000000011001100110110
00000000000000000011010110101110
00111000000000000000010011011011
00110011100000000001110100000100
00001110000000110000001100000111
00000111000010000011000100111000
00000000000011001001100000001001
00010001000000100000100000011000
00011100000000110000011110111111
11110001000010010000100100000001
00000001110000000000001000000001
00110110000000000000000000110101
10101110001110000000000000000101
00010001010000000000000000000000
00001101001100111000101001000010
01000001010000110100101101000111
01010010010011110101010101001110
01000100000000000000011000110110
00000000000000111111100000001000
01110000000000000000000000001101
01110010100010000101001101000101
01010110010001010100111001010011
01000101010001110000000000000110
00110110000000000000001111111000
00110000011011100000000000000000
00001101100010011000100101001001
01001110010101000100010101010010
01001100010000010100001101000101
00000000000111010011011000000000
00000000001101011010111000111000
00000000000001001101101100110110
00000000000000111111100001001100
00110010001110000000000000001010
11000011001101100000000000000000
00110101101011100011100000000000
00000101000100010100000000000000
00000000000011011001111010001001
01000011010011110100110001001111
01010010010011010100111101000100
01000101000000000010101000110110
00000000000000000011010110101110
00111000000000000000010011011011
00110110000000000000001111111000
00001100001100010000001110000000
00000110001101000000100000100010
11000000000001000011010011110111
00100001001101100000000000000011
11111000000011000011001000110110
00000000000000000011010110101110
00111000000000000000010100010001
01000000000000000000000000001101
11001011100001000101000001000101
01001110010100110000000000000100
00110101000011100001000001000000
00000101000001100000010000000011
00000010101000100000000000000000
00000000000000000000111000000101
10001010010100110100001101010010
01000101010001010100111001000010
01000001010100110100010100000000
00001000001101100000000000000100
00000000000000000100000000000000
00000000000011100001110010001011
01010011010000110101001001000101
01000101010011100101000001001100
01000001010000110100010100000000
00000110001101100000000000000011
11111000000000000100000000000000
00000000000011100011001110000011
01001001010011100100101100000000
00000110001101100000000000000000
00001110010101110100000000000110
00000000000000000000000000000000
00000000000011100100101110000101
01000011010100110101001000101101
01011000000000000000011100110110
00000000000000000000111001101110
00101101010000000000000000000000
00000000000000000000000000000000
00001110010111111000010101000011
01010011010100100010110101011001
00000000000001110011011000000000
00000000000011101000010100101101
01000000000000000000000000000000
00000000000000000000000000001110
01110110100000110101010001000001
01000010000000000000011000110110
00000000000000000000111010011001
01000000000000000000000000000000
00000111000000000000000000001110
10001101100001000101001001001111
01010111010100110000000000000111
00110110000000000000001111111000
01011000001100010100000000000000
00000000000011101010000110000100
01000011010011110100110001010011
00000000000001110011011000000000
00000011111110000101110000110001
01000000000000000000000000001110
10110011100001110011111001010010
01000101010011010100111101010100
01000101000000000001001000110101
00000101100101100011011000000000
00000011101100001000100000101110
00110101000001100011000100110110
00000000000000111011000010000100
01101110000000000000000000001110
11000101100001100011111001001100
01001111010000110100000101001100
00000000000100100011010100001100
10011000001101100000000000000011
10110000100010000010111000110101
00001101001110110011011000000000
00000011101100001000010001101110
00000000000000000000111011100101
10000110001111000100110001001111
01000011010000010100110000000000
00010010001101010000011011111100
00110110000000000000001110110000
10001100001011100011010100000110
11010101001101100000000000000011
10110000100100000110111000000000
00000000000011110000010010000111
00111100010100100100010101001101
01001111010101000100010100000000
00010010001101010000010111111000
00110110000000000000001110110000
10001100001011100011010100000101
11010001001101100000000000000011
10110000100100000110111000110110
00000000000000111111100000111100
00000010001100010011010000000001
00100010000000110111001000110110
00000000000000111111100000111100
00000010001100010011010011111110
00100001000000110111001000110110
00000000000000111111100000111100
00000010001100010011010000000010
00100010000000110111001000110110
00000000000000111111100000111100
00000010001100010011010011111101
00100001000000110111001000110100
11111111001101100000000000000011
11111000010001000111001000110100
00010000001101100000000000000011
11111000010001000111001000110110
00000000000000111111100001000000
00111101000000100011000100110100
00000001001000011011111111111001
01000001001110000000000000001111
01111111001101100000000000000011
11111000001110000111001000110100
11111111001110000000000000001111
10001101001110000000000000001111
01111111001101100000000000000011
11111000001110000111000100110100
00000110001000000000001100000111
00000111001110000000000000001111
10001101000010010001000100000010
00001000000110000001110000000011
00000111101111111111001100001001
00001001000000010000000101000000
00110101000001000000000000110110
00000000000000111011000000000000
00110000001000000011011000000000
00000000000011111101010100110110
00000000000000000000111111101110
00110111000000010011100000000000
00001111100101110000001000110100
11111111000101111011111111101011
01000000001110000000000000001111
11000000001110000000000000001111
10010111010000010000000000000000
00000000000000000011011000000000
00000011101100000000000000000010
00101101000000100001001000000110
00101110100000000000001000110111
00110110000000000000000000010000
00000010000011010001011001010011
01000100001011010110001101100001
01110010011001000010000001101110
01101111011101000010000001110010
01100101011100110111000001101111
01101110011001000110100101101110
01100111000000000000000000001111
00100011100001110101001101000100
00101110011010010110111001101001
01110100000000010101001100111000
00000000000011110110111100111000
00000000000011110011111100110100
01010000001000000000001100000111
00000111001101001111111100111000
00000000000011111000110100001001
00010001000000100000100000011000
00011100000000110000011110111111
11110001000010010000100100000001
00000001001110000000000000001111
01001011001101000110010000110110
00000000000000111011000000000000
00110010001101001001010100100000
00100000001000000010000000110100
01000000001110000000000000001111
10100111001110000000000000001111
11100001001101000000000100010111
10000000000101000011011000000000
00000000000100000111010100110110
00000000000000000000111111101110
00110111001101000000101000111000
00000000000001010100000111111111
11011001001101001000011100110100
10101010001101000000000100100000
00100000001101000100100000111000
00000000000011111010011100111000
00000000000011111100000000110100
00000001000101101000000010100001
00110100000001000010000000000011
00000111000001110011100000000000
00001111100101110000100100010001
00000010000010000001100000011100
00000011000001111011111111110011
00001001000010010000000100000001
00111000000000000000111110010111
00000001001101001010101000010110
00000011001101000000000100010110
00100001000001010000010110000000
01110000001101000000000100100000
00100000001000000010000000110100
01110111001110000000000000001111
10100111001110000000000000001111
11100001000000010011010000000001
00100000001000000010000000110100
01000000001101000110100100111000
00000000000011111010011100111000
00000000000011111110000100011100
10111111110111000011010000000001
00100000001000000010000000100000
00110100011110100011100000000000
00001111101001110011100000000000
00001111110000000000000100110100
00000100001000000000001100000111
00000111001110000000000000001111
10010111000010010001000100000010
00001000000110000001110000000011
00000111101111111111001100001001
00001001000000010000000100111000
00000000000011111001011100000001
00000001000000010000000100110100
01000000001000011000000000001001
00110100000000110011010100001111
11101010001011101100000000000111
00110100000000010011010100001111
11101010001011100011100000000000
00001111011101111100000000000111
00110110000000000000000000010001
01111010000011011100000000101010
00110100000000010010000000100000
00100000001000000011010001110111
00111000000000000000111110100111
00111000000000000000111111100001
00000001001101000000000100100000
00100000001000000010000000110100
01101001001110000000000000001111
10100111001110000000000000001111
11100001000111001011111111011101
00100000001101010000111111101010
00101110001101000000000100100000
00110100000000100010000000100000
00110100010100000011100000000000
00001111101001110011100000000000
00001111110000000000000100111000
00000000000011110011111100110100
11111111001110000000000000001111
10001101010000000011010000011101
01010011010001000010000001100011
01100001011100100110010000100000
01101001011011100110100101110100
01101001011000010110110001101001
01111010011000010111010001101001
01101111011011100010000001100110
01100001011010010110110001100101
01100100001101010000111111101010
00101101001101000000001000100001
00011100100000000000011000110101
00000010000000000010101000000001
00000010001101001111111100100001
00000011001101000000001100100000
00000011000001110000011100110100
00001000001110000000000000100101
00101110000000100011010011111111
00100001000000110000100100010001
00000010000010000001100000011100
00000011000001111011111111101100
00001001000010010000000100000001
01000001001110000000000000001111
01001011001101010000011111010000
00110110000000000000001110110000
00000000001100000011011000000000
00000000000100011110010100110110
00000000000000000000111111101110
00110111001101000000000100111000
00000000000001010100000100111000
00000000000011111001011100110100
11111111000101101011111111100111
01000000001101010001001110001000
00110110000000000000001110110000
00000000001100000011011000000000
00000000000100100000100100110110
00000000000000000000111111101110
00110111001101000000000100111000
00000000000001010100000100111000
00000000000011111001011100110100
11111110000101101011111111100111
01000000000000000000000000010000
00011101100011100101001101000100
00101110010100100100010101000001
01000100001011010101001101000101
01000011010101000100111101010010
00000000011000110011100000000000
00010001110011010011010000000001
00000011001110000000000000010001
10011001001101000101000100111000
00000000000011111010011100111000
00000000000011111110000100011101
10000000000001110011011000000000
00000000000100101001000100001101
00111000000000000001000111110101
00000010001101010000001000000000
00001110000000110000001100000111
00000111001110000000000000001111
10010111000010000011001000001001
00010001000000100000100000011000
00011100000000110000011110111111
11110001000010010000100100000001
00000001001101000000001100100000
00000011000001110000011100111000
00000000000011111001011100000001
00001001000100010000001000001000
00011000000111000000001100000111
10111111111100100000100100001001
00000001000000010011100000000000
00001111001111110011010011111111
00111000000000000000111110001101
01000000000101010101001101000100
00101110011100100110010101100001
01100100001011010111001101100101
01100011011101000110111101110010
00100000011001100110000101101001
01101100011001010110010000000000
00000000000100100001110110010000
01010011010001000010111001010110
01000101010100100100100101000110
01011001001011010101001101000101
01000011010101000100111101010010
00000000011011010011100000000000
00010001110011010011010000000001
00000011001110000000000000010001
10011001001101000101000100111000
00000000000011111010011100111000
00000000000011111110000100011101
10000000000001110011011000000000
00000000000100110010101100001101
00111000000000000001000111110101
00000010001101010000001000000000
00001110000000110000001100000111
00000111001110000000000000001111
10010111000010000011000100010110
00011100100000000000011100110110
00000000000000000001001100101011
00001101000010010001000100000010
00001000000110000001110000000011
00000111101111111110011100001001
00001001000000010000000100110100
00000011001000000000001100000111
00000111001110000000000000001111
10010111000000010000100100010001
00000010000010000001100000011100
00000011000001111011111111110010
00001001000010010000000100000001
00111000000000000000111100111111
00110100111111110011100000000000
00001111100011010100000000010111
01010011010001000010111001110110
01100101011100100110100101100110
01111001001011010111001101100101
01100011011101000110111101110010
00100000011001100110000101101001
01101100011001010110010000000000
00000000000100101010101110001111
01010011010001000010111001010111
01010010010010010101010001000101
00101101010100110100010101000011
01010100010011110101001000000000
01111110001110000000000000010001
11001101001101000000000100000011
00111000000000000001000110011001
00110100010110000011100000000000
00001111101001110011100000000000
00001111111000010001110110000000
00000111001101100000000000000000
00010011110101110000110100110100
11111111001110000000000000001111
10001101001101001111111000111000
00000000000011111000110100000010
00110101000000100000000000001110
00000011000000110000011100000111
00001000001100010011100000000000
00001111100011010000100100010001
00000010000010000001100000011100
00000011000001111011111111110001
00001001000010010000000100000001
00110100000000100010000000000011
00000111000001110011010000000001
00111000000000000000111110001101
00001001000100010000001000001000
00011000000111000000001100000111
10111111111100010000100100001001
00000001000000010011100000000000
00001111111000010011010000011111
00100001001101000000010100010111
10000000000001110011011000000000
00000000000100111101011100001101
00111000000000000000111100111111
00110100111111110011100000000000
00001111100011010100000000010110
01010011010001000010111001110111
01110010011010010111010001100101
00101101011100110110010101100011
01110100011011110111001000100000
01100110011000010110100101101100
01100101011001000000000000000000
00010011010001111000110101000110
01000001010101000010111001110010
01100101011000010110010000101101
01101100011011110110111001100111
00000000001101000000111000000010
00110100000001000000111000000011
00000011000001110000011100001000
00110001000010010001000100000010
00001000000110000001110000000011
00000111101111111111010100001001
00001001000000010000000100110100
00000011001000000000001100000111
00000111001101010000000100000000
00101010000000010000111000001001
00010001000000100000100000011000
00011100000000110000011110111111
11110001000010010000100100000001
00000001010000000000000000000000
00010011111100101000111001000110
01000001010101000010111001110111
01110010011010010111010001100101
00101101011011000110111101101110
01100111000000000011111100001110
00000111000001110000100000110100
00011000001110000000000000100101
00101110001101001111111100100001
00001000001101000001000000111000
00000000001001010010111000110100
11111111001000010000100000110100
00001000001110000000000000100101
00101110001101001111111100100001
00001001001101001111111100100001
00001001000000100011010000000100
00001110000000110000001100000111
00000111000010000011001000001001
00010001000000100000100000011000
00011100000000110000011110111111
11110101000010010000100100000001
00000001010000000000000000000000
00010100001110101000110101000110
01000001010101000010111001110010
01100101011000010110010000101101
01110111011011110111001001100100
00000000000011010001000100001110
00000010001100010011010100000001
00000000001010100000000100000011
00010010001100010100111000000000
00000000000101001000111010001110
01000110010000010101010000101110
01110111011100100110100101110100
01100101001011010111011101101111
01110010011001000000000000010110
00001110000001110000011100001000
00110100000010000011100000000000
00100101001011100011010011111111
00100001000010010011010011111111
00100001000010000011001000001001
00010001011100100000000000000000
00010100101011111000010101001101
01001111010101010100111001010100
00000000101100110011100000000000
00010000001001110010000000110101
00011010001101100010111000110110
00000000000001011111101001000000
00000010000001110010000000111000
00000000000101011110010000111000
00000000000101011010111000011100
10000000001000000000100000000010
00110101000000011100011000111000
00000000000101000000001000110101
00011010001101100010111000100000
00111000000000000001010111100100
00111000000000000001010110101110
00011100100000000000011100110110
00000000000000000001010110010101
00001101000010000011010000001101
00001110001100010011010100011001
10011110001011100000100000110100
00101100001110000000000000010100
00000010000000100011010100011010
00011101001011100011010100011010
00000010001011100000100000110100
00100000001110000000000000010100
00000010001101010001100110111101
00101110000010000011010000001110
00111000000000000001010010011110
00000010001101010001100101111001
00101110000010000011010000010000
00001110001100010000100000110100
00100100001110000000000000010100
00000010001010100000000100001110
00110101000110010111110100101110
00001000001101000000000100111000
00000000000101011110010000001000
00100000001110000000000000010100
00000010001101100100000101100001
01010010010100100001011110000000
00000111001101100000000000000000
00010101100101010000110100001001
00110101000000011110110000111000
00000000000101000000001000000010
00100000000100100001011010000000
00000100000000010011010000000010
00110101000110011101111100101110
00100000001101010001100110000001
01101110000110000100111001101111
01110100001000000110000100100000
01110110011000010110110001101001
01100100001000000100011001000001
01010100001100110011001000100000
01110110011011110110110001110101
01101101011001010011011000000000
00000101111110100100000000110101
00000001111111100011100000000000
00010100100111100011010110101010
01010101000101100011011000000000
00000101111110100100000000110100
01010010001110000000000000010100
10011110001101010100000101000110
00010110011000010000000000000000
00010100110110101000111101000110
01000001010101000010111001110010
01100101011000010110010000101101
01110011011001010110001101110100
01101111011100100000000000001010
00110101000110100011011000101101
00001110001110000000000000010010
00101110010000000000000000000000
00010101110100101001000001000110
01000001010101000010111001110111
01110010011010010111010001100101
00101101011100110110010101100011
01110100011011110111001000000000
00010000001101010001101000110110
00101101000011100000010000000100
00111000000000000001001101011001
00111000000000000001001010111110
01000000000000000000000000010101
11110010100100000100011001000001
01010100001011100101010101110000
01100100011000010111010001100101
01000110010100110100100101101110
01100110011011110000000000100001
00110110000000000000010111111010
01000000000000100000011100110100
00000001001110000000000000010101
11100100001101010001100111011111
00101101000010000011010100000001
11101100001110000000000000010100
01001011000010010011010000000001
00111000000000000001011000000101
01000000000000000000000000010110
00011001100011000100011001000001
01010100001011100110001101101100
01110101011100110011001001110011
01100101011000110000000000001101
00010010000100100011010100011001
10011110001011010010101000000001
00110101000110010111110100101101
01001110001101000000010000101010
00000001001101010000001000000000
00101100001101010001100101111001
00101101000011100000001000110101
00011001100000010010110100010111
10000000000100100000001000110101
00011001100000010010111000110110
00000000000001011111110001000000
00000011001110000000000000010101
11100100110000000000001000000001
01000000000000000000000000010110
01010001100010110100011001000001
01010100001011100110011101100101
01110100001011010110011001100001
01110100000000000001010000111000
00000000000101100110110100110110
00000000000001011111110001000000
00000011001110000000000000010100
00000010001101100000111111111111
11111111111111110110000100000000
00000000000101101001100110001011
01000110010000010101010000101110
01110000011101010111010000101101
01100110011000010111010000000000
00011100001110000000000000010110
01101101001101100000000000000101
11111100010000000000001100111000
00000000000101000100101100110110
00000000000001011111110001000000
00110101000110011000000100101101
00111000000000000001011000000101
01000000000000000000000000000000
00000000000000000000000000000000
00000000000000000000000000000000
00000000000000000000000000010110
10111111100100110100011001000001
01010100001011100111001101110100
01110010011010010110111001100111
00110010011001100110100101101100
01100101011011100110000101101101
01100101000000000110011100000111
00000111001101100000000000000000
00010110111010010000001000000010
00000010001101000000110000001110
00000011000000110000011100000111
00110100001000000000100000110010
00001001000100010000001000001000
00011000000111000000001100000111
10111111111100110000100100001001
00000001000000010000100100001001
00110011100000000011010100110100
00001100001110000000000000011101
01101011000001000000111000000011
00000011000001110000011100001000
00110001000000100011010000101110
00010110100000000000100100000001
00000001000000100011010000001000
00001110110000000000100000111000
00000000000110101100111000000100
00110010000100010000100100010001
00000010000010000001100000011100
00000011000001111011111111100000
00001001000010010000000100000001
00000001110000000000101100000001
00110100001011100000010000110010
00010001001101000010111000000011
00110010010000000011100000000000
00010111000011110000001100000010
00000111001110000000000000010110
01100000000000100011010100011001
10011110001011010000111000000011
00000011000001110000011100110110
00000000000001011111101001000000
00001000001110000000000000010101
11100100001101100000000000000101
11111010010000000000001000110101
00000010000000000000111000000011
00000011000001110000011100001000
00110001000000100001110010000000
00001101000010010000100100000001
00000001000010010000100100000001
00000001000001010000100100000001
01000000001101001110010100010111
10000000010110000000100000110100
00001011000011100011000100110100
00001111001000010011010000001111
00010111100000000100101100000010
00110100000010110000100000110100
00001011001110000000000000011110
00001000100000000011111100000001
00001001000010010000100000000110
00000110000001110000011100001000
00110110000000000000010111111010
01000000000011110000100000110100
00010100001110000000000000010100
10011110001101100000000000000001
00000000000000000010101000000001
00001000001101000001101000111000
00000000000101001001111000001110
00001000001101000001110000111000
00000000000101000000001000001000
00110100000010110000111000110001
00001001000010010000000100000001
00001001000010010000000100000001
00001001000000010010000000010010
01000000001101000010000000000010
00011110000000110000100100001110
00000010000010000001100000011100
00000011000001110010010010111111
10000011000010010000100100000001
00000001000010010001000100000010
00001000000110000001110000000011
00000111101111110101110100001001
00001001000000010000000100001001
00111000000000000001011010100111
00000010001101100000111111111111
11111111111111110001011010111111
00111101000000010000000100100000
01000000000000000000000000010110
11111001100011010100011001000001
01010100001011100110011001101001
01101110011001000010110101100110
01101001011011000110010100000000
10001010001101010001101000000010
00101101000001100000011000000100
00001110000100100000001000000111
00000100000001000000010000001111
10000000010111010000001100000111
00000111000010000011000100000010
00110100010111000001011000000011
00110100001011110001011000100010
10000000001111010000100000000100
00001111001110000000000000010111
01110110100000000010110000000010
00110100000011110010000100110100
00001111000101110000001100110100
00010000000101100010000110000000
00010000000000010000010100000101
00110011000111001000000000000101
00110101000110100001110100101101
00001000000100011100000000001101
00001001000010010000000100000001
00001001000000010000000100000001
00000001000000010010000001000000
11000000000010010000100100001001
00000001000000010000100100000001
00100000010000000000100100010001
00000010000010000001100000011100
00000011000001111011111110101110
00001001000010010000000100000001
11000000000000110000000100000001
00000010001100010000001000110100
01011100000101100000001100110100
00101111000101100010001010000000
00000110000010010000000100100000
11000000000001010000100100010001
00000100000011110011100000000000
00010111011101100100000000000000
00000000000110000100100110001101
01000110010000010101010000101110
01101100011011110110000101100100
00101101011001100110100101101100
01100101000000000011100000000010
00000111001110000000000000010110
01100000000000100011010100011001
10011110001011010000111000000011
00000011000001110000011100000010
00001000001110000000000000010101
11100100001101010000001000000000
00001110000010010001000100000010
00001000000110000001110000000011
00000111101111111110110100001001
00001001000000010000000100001001
00111000000000000001011010100111
00000010001101100000111111111111
11111111111111110001011010111111
11001011000000010100000100000000
00000000000110001110011110000111
01101001011011100110001101101100
01110101011001000110010100000000
00101101001101000010000000111000
00000000000111111111000000111000
00000000000111100100110100111000
00000000000110000101100110000000
00010111000000010000011100000101
00000101001101100000000011111111
00000000000000000000001000000110
00111000000000000001100011110111
00001001001110000000000000100010
10011100110000000000011100110110
00000000000000000001100101101010
00001101010000000000111001000110
01101001011011000110010100100000
01101110011011110111010000100000
01100110011011110111010101101110
01100100000000000000000000000000
00000000000000000000000000000000
00000000000000000000000000000000
00000000000000000000000000011001
00110011100011100100011001000001
01010100001011100101001101100101
01100011010100000110010101110010
01000011011011000111010101110011
00000000000001000011010100011001
10011110010000000000000000000000
00000000000000000000000000000000
00011001100010011001000001000110
01000001010101000010111001010100
01101111011101000110000101101100
01010011011001010110001101110100
01101111011100100111001100000000
00000100001101010001100110111101
01000000000000000000000000000000
00000000000000000000000000011001
10100110100100110100011001000001
01010100001011100100111001100101
01111000011101000100011001110010
01100101011001010100001101101100
01110101011100110111010001100101
01110010000000000000010000110101
00011001110111110100000000000000
00000000000000000000000000000000
00000000000110011100010110010100
01000110010000010101010000101110
01000011011101010111001001110010
01100101011011100111010001000100
01101001011100100110010101100011
01110100011011110111001001111001
00000000000001000011010100011010
00000010010000000000000000000000
00000000000000000000000000000000
00011001111001111000110001000110
01000001010101000010111001010010
01101111011011110111010001000011
01101100011101010111001100000000
00000100001101010001101000011101
01000000000000000000000000000000
00000000000000000000000000011010
00001010100010100100011001000001
01010100001011100101000001110100
01101110010011110110011001100110
00000000000001000011010100011010
00110110010000000000000000000000
00000000000000000000000000000000
00011010001001011000011101000110
01000001010101000010111001100010
01110101011001100000000000000110
00110110000000000000010111111010
01000000010000000000000000000000
00011010001111101000010101010010
01000101010100110100010101010100
00000000000010100010000000111000
00000000001101010011011000111000
00000000000000001001100101000000
00000000000000000001101001010010
10000110010000010100001101000011
01000101010100000101010001000000
01010001001000000000010000000100
00010111100000000100101000000110
00111000000000000000100101110111
00111000000000000011000111110110
00111000000000000000100110110001
00000010001101000000101000010111
10000000001010000000001000110100
00001101000101111000000000011111
00000010001110000000000000110010
00001001000000100011010000001000
00010111100000000001101100000010
00110100000010010001011010000000
00000100000000010011010000100000
00000100001100100001000100000011
00010001000000110000011000000110
11111111110001010000000111111111
11111010000000110011001000010001
01000101000000010000010000011101
10111111111100010001001000000011
00010010000000111111111111101011
00000101010001010000000000000000
00011010011010001000010101010101
01010000010100000100010101010010
00000000000100000000001000110100
01100001001101000111101000010001
00111000000000000001110110010110
10000000000001000011010000100000
00001111010000000000000000000000
00011010110001101000010101000100
01001001010001110100100101010100
00000000001110110011100000000000
00011010110011100000001000000010
00110100010000010001001000011001
10000000000010100011010001000001
00001111001101000011100100001110
00010001110000000000100100000010
00110100001110010001100110000000
00000011000000010010000000110100
00110000000011110000001000110110
00000000000000111011000010000000
00101101000110001000000000001111
00000010000100010001111110000000
00000110000001010010000000011100
11000000000000110000000100100000
11000000000000110000000100100000
01000000000000000000000000011010
11100010100000100100010000101011
00000000001001110011011000000000
00000011111110000010110000000010
00101101000001110010000000000011
00110010001110000000000000000010
00010011000001110000001100000111
00000110000001110000111000001001
00001001000101000000001100001001
00110110000000000000001111110000
00000000001100100000100100110110
00000000000000111111100000101100
01101110000000000000000000011011
00101001100000100100010000101101
00000000001001010011011000000000
00000011111110000010110000000010
00101101000001110010000000000011
00110010001110000000000000000010
00010011000001110000011100000011
00000111000011110000100100001001
00010101000010010011011000000000
00000011111100000000000000110010
00001001001101100000000000000011
11111000001011000110111000000000
00000000000110110101100110000111
00111110010011100101010101001101
01000010010001010101001000000000
00111000000001110000100000011111
10000000000100010000001000110001
00111000000000000001101011101010
10000000000001010010000000011100
11000000000000110000000100100000
11000000000000100010000010000000
00011111000000110000011100000011
00110110000000000000001110110000
10000000001011010010101000000001
00000110001101100000000000000011
10110000100000000010110100101010
00111000000000000001101100101110
00001001000100010000100100010010
00000111111111111100110000001001
01000000000000000000000000011011
10000111100001110100111001010101
01001101010000100100010101010010
00111111010000000010011000000100
00110001001101000010110100010110
00000010000001111000000000000101
00010010000000110001000100000011
00000111000001110010000000100000
00001001000010010011100000000000
00011011100100011000000000000111
00000001000000010000000100001001
00000001011000000000000100000001
00001001100000000000001000010000
01110100000000010000000000000000
00011011110011011000010001001000
01001111010011000100010000000000
00001100001101100000000000000011
11100000000100000000001000101101
00010010000000100000011000101110
01110010000000000000000000011100
00000010100000100011110000100011
00000000000010110011011000000000
00000011111001011111111100110110
00000000000000111110000000010000
01101110000000000000000000011100
00011001100000110101010100100011
00111110000000000000111000000001
00110110000000000000001111100000
00010000001011010011011000000000
00000011111001011111111100000100
01001111000000000000000000011100
00101101100001000101001101001001
01000111010011100000000000001010
00011110100000000000011100110100
00101101001110000000000000011100
00001001010000000000000000000000
00011100010001011000001001010101
00100011000000000001100100110110
00000000000000111011000010000000
00101101001011000000001100000010
00110100000010010001100110000000
00000100001101000000011100001110
00110100001100000000111000111000
00000000000111000000100101000000
00000000000000000001110001011010
10000011010101010010001101010011
00000000000010010011100000000000
00011100010111110000001000011100
10111111111110010100000000000000
00000000000111000111110010000011
01000001010000100101001100000000
00000110000000100001111010000000
00000010000100000100000000000000
00000000000111001000111110000001
00101110000000000010000100000010
00111000000000000001110010010101
00111000000000000001110000011110
00111000000000000001110010000010
00000011001110000000000000011100
01001100001110000000000000011100
00110011001110000000000000110010
00011100001101000010000000111000
00000000001100100000100101000000
00000000000000000001110010011111
10000010001011100101001000000000
00111010000100100000011100000010
00111000000000000001110010010101
00111000000000000001110000011110
00001001001000000000001100000111
00000111001110000000000000011100
01011111000010010001000100000010
00001000000110000001110000000011
00000111101111111111001100001001
00001001000000010000000100111000
00000000000111001000001000000011
00111000000000000001110001001100
00111000000000000001110000110011
00111000000000000011001000011100
00110100001000000011100000000000
00110010000010010100000000000000
00000000000111001100100010000010
01010101001011100000000000010111
00111000000000000001110000011110
00111000000000000001110010000010
00111000000000000001110000110011
00111000000000000011001000011100
00110100001000000011100000000000
00110010000010010100000000000000
00000000000111010000101110000011
01010101001011100101001000000000
00110000000100100000011100111000
00000000000111000001111000001001
00100000000000110000011100000111
00111000000000000001110001011111
00001001000100010000001000001000
00011000000111000000001100000111
10111111111100110000100100001001
00000001000000010011100000000000
00011100100000100011100000000000
00011100001100110011100000000000
00110010000111000011010000100000
00111000000000000011001000001001
01000000000000000000000000011101
00101011100000110100110101001001
01001110000000000000101000000100
00000100000110001000000000000100
00000001110000000000001000000101
01000000000000000000000000011101
01100101100000110100110101000001
01011000000000000000101000000100
00000100000110011000000000000100
00000001110000000000001000000101
01000000000000000000000000011101
01111001100001100101011101001001
01010100010010000100100101001110
00000000000010010000011000000010
00000111000110110000100100000110
00011010000111000110000100000000
00000000000111011000110110000100
01000011010011110100110101010000
00000000000010000000010000000100
00011000000001100000011000011001
00010000010011100000000000000000
00011101101000111000011101000011
01001111010011010101000001000001
01010010010001010100000000111111
00000110000001000000010000111000
00000000000111011010101000000111
00110101000111010110101100110011
10000000001011100010000000000011
00000111000001110000010000110001
00000100001100010001011110000000
00010001000001000011000100000100
00110001001110000000000000011101
10101010000001010000010100001001
00000001000010010000000100001001
01000001000100010000001100010001
00000011000010010001000100000010
00001000000110000001110000000011
00000111101111111101110000001001
00001001000000010000000100000001
00000001000010010100000000000000
00000000000111011011011010000010
00100100001111010100000000111001
00000110000001000001011110000000
00000101000000010000000100000001
01100000001000000000001100000111
00000111000001000011000100111000
00000000000110101100111000000100
00110001001110000000000000011010
11001110000101111000000000001000
00000001000000010000100100000001
00001001000000010110000000010001
00000011000100010000001100001001
00010001000000100000100000011000
00011100000000110000011110111111
11011101000010010000100100000001
00000001000000010000000100100000
01011100000000000000000000011110
00000011100001010100001101001111
01010101010011100101010000000000
00000100000000100001000100000011
01110001000000000000000000011110
01000101100001000100011001001001
01001110010001000100000000110011
00110110000000000000001111100000
00011101001100010011001110000000
00101001001101100000000000000011
11100000000111100000001000000110
00001110000000110000001100000111
00000111000010000011000100111000
00000000000111101000111100110011
10000000000001100000100100001001
00000001000000010100000000001001
00010001000000100000100000011000
00011100000000110000011110111111
11101001000010010000100100000001
00000001001000000100000000000100
00000111000000110011100000000000
00011110010011010000011000111000
00000000000111101011101100000010
10000000000001010000100100000001
11000000000000110000100100000011
01000000000000000000000000011110
01010101100011110101001101000101
01000001010100100100001101001000
00101101010101110100111101010010
01000100010011000100100101010011
01010100000000000000000100000111
00110011100000000100100000001001
00111000000000000011010110010110
00000010000001110011000100110100
00100000001000010001110010000000
00101100000001000000010000001000
00000010000100010000001100110001
00110100000111110010000100111000
00000000000111100000100010000000
00011100000000010000000100001001
00000010001100010000001000110100
01000000001000011000000000000101
00110100000000011100000000000011
00100000000111000000011100110100
00011111001000010000111000110100
00000011000011100000100101000000
00001001001101000000010000001111
00101101001100110001110010111111
11000100000000010000000101100000
11000000000001100000100100000001
00000001000000010010000001000000
00000000000000000001111010101001
10000101010101110100111101010010
01000100010100110000000000101110
00111000000000000010010101000001
00110110000000000000001111100000
00011101001100010011001110000000
00100001001101100000000000000011
11100000000111100000001000000110
00001110000000110000001100000111
00000111000010000011000100111000
00000000000111110100011000001001
00010001000000100000100000011000
00011100000000110000011110111111
11110001000010010000100100000001
00000001010000000011100000000000
00110101100101100011001110000000
00011111000000100001000100000100
00110001001101000001111100100001
00110011100000000000110100111000
00000000001100100001110000110100
00001001001110000000000000110010
00001001110000000000001000000001
00111000000000000011010001101101
00101101111111111110000001000000
00000000000000000001111100010000
10000101010100000100000101010010
01010011010001010000000001101101
00000111001101010000000110111001
00101101001101000000010100001110
00110110000000000000001111100000
00000000001011010011011000000000
00000011111000000000110000101101
00000100000011100000011100110110
00000000000000111110000000001000
00101101000011100000001000001000
00011000100000000011000000000010
00110001000010010000100000000011
00000111000000100011010000100000
00010110100000000001010000000100
00010111000001000011010000001101
00010111001000010000010000110100
00001010000101110010000100000100
00110100000010010001011100100001
11000000000000110000010000010111
10000000000010110000011000000010
00000110000000110011001000010001
00000011000100011111111111001111
00000001000100010011011000000000
00000011111000000000000000101101
00001111001101100000000000000011
11100000000010000010111000001001
00000001000010010000000100110101
00000001101110010010110100110100
00000101000011100000001100000100
01001111000000000000000000011111
01110000100001000101011101001111
01010010010001000000000000100101
00000010001110000000000000011111
01111000000000100001110010000000
00010100001101100000000000000011
11100000000011000010110100110110
00000000000000111110000000001000
00101101000110011000000000000101
00000001000000011111111111100101
00000000000000110001001000000011
00000100001100100100010100000000
00000000000111111110100110001001
01001001010011100101010001000101
01010010010100000101001001000101
01010100000000000010010100111000
00000000001000000100110000110110
00000000000000111110000000011000
00101101000111001000000000010010
00110101001000000100100000110100
00000100001110000000000000110010
00011100001110000000000000100011
01110000001110000000000000011101
00010000001101000000101000111000
00000000001100100000100101000000
00100000010011110100101100101101
00110110000000000000001111100000
00001100001011010011011000000000
00000011111000000000100000101101
00011001100000001010010100110100
00100000001110000000000000011111
11110000000000100011000110000000
10011000001101100000000000000011
11100000000110000010110110000000
01011100000000100011100000000000
00110010110110101000000000010010
00000101001110000000000000110100
01100100001110000000000000101011
01100001001101000010110100111000
00000000001010010111100011000000
01000010000000100011100000000000
00011110010111000011001110000000
00001111000111101000000000001000
00000101001110000000000000101010
10110100110000000000001100000101
00111001110000000010110000111000
00000000000111100100110100111000
00000000000110111101011110000000
00001000000001010011100000000000
00101011011000011100000000011011
00110101000011100001001000110001
00110101000011100101011100110010
00111000000000000010010101000001
00111000000000000001111001001101
00111000000000000011001000011100
00110110000000000000000000100001
00011100000011011100000000110011
00000010001110000000000000011110
01011100100000000000010100000101
00111001110000000010100000111000
00000000000111100100110100111000
00000000000110111101011110000000
00000100000001011100000000011011
00110101000011100001001000110001
00110101000011100101011100110010
00111000000000000010010101000001
00111000000000000001111001001101
00111000000000000011001000011100
00110110000000000000000000100001
00000000000011011100000000000010
00000001111111110100111001000000
00011011010011100110111101110100
00100000011100100110010101100011
01101111011001110110111001101001
01111010011001010110010000100000
01100010011110010010000001001001
01001110010101000100010101010010
01010000010100100100010101010100
00011001010011100110111101110100
00100000011100100110010101100011
01101111011001110110111001101001
01111010011001010110010000100000
01100010011110010010000001000011
01001111010011010101000001001001
01001100010001010010000000100000
00100000000000000000000000100000
00010111100001010100010101010010
01010010010011110101001000000000
00100100001101010000111000010010
00110001001101010000111001010111
00110010001110000000000000100101
01000001001101010010000101101001
00110100000001110011100000000000
00110010000111000011100000000000
00011110010011010011100000000000
00110010000111000011010000001010
00111000000000000011001000001001
01000000010001010101001001010010
01001111010100100011101000100000
00000000000000000010000100111101
10000101010000010100001001001111
01010010010101000000000000000101
00111000000000000010000110001100
01000000000000000000000000100001
01110100100001000101000101010101
01001001010101000000000000010010
00001100001101100000000000000000
00100001100111100000101100100000
00110011100000000000010100111000
00000000001000010100010111111111
11110000010000000010000000110110
00000000000000111110000000011000
00101110001101100000000000000011
11100110000000000011011000000000
00000011111000000000000000101110
00110110000000000000000000000001
00000000001101100000000000000011
11100000000001000010111000110101
00001110000100000011000100110101
00001110010101110011001000110110
00000000000000111110000000000000
00101101001101100000000000000011
11100000000001000010110100111000
00000000000110100111000100110110
00000000000000111110000000001100
00101110001000000011011000000000
00000011111000000000100000101110
00110101000011100001000100110001
00110101000011100101011100110010
00111000000000000010000000100011
11111111110011100100000000000000
00000000001000011000010110000110
01010011010011110101010101010010
01000011010001010000000000001100
00110110000000000000001111100000
00000000001011010011011000000000
00000011111000000000010001101101
00000000000000000010000111110011
10001010010100110100000101010110
01000101001011010100100101001110
01010000010101010101010000000000
00000001001101100000000000000011
11100000000000000010110100110110
00000000000000000011010110111000
00101110001101100000000000000011
11100000000001000010110100110110
00000000000000000011010110111100
00101110001101100000000000000011
11100000000011000010110100110110
00000000000000000011010110110000
00101110001101100000000000000011
11100000000010000010110100110110
00000000000000000011010110110100
01101110000000000000000000100010
00001100100011010101001001000101
01010011010101000100111101010010
01000101001011010100100101001110
01010000010101010101010000000000
00110000001101100000000000000000
00110101101110000010110100110110
00000000000000111110000000000000
00101110001101100000000000000000
00110101101111000010110100110110
00000000000000111110000000000100
00101110001101100000000000000000
00110101101100000010110100110110
00000000000000111110000000001100
00101110001101100000000000000000
00110101101101000010110100110110
00000000000000111110000000001000
01101110000000000000000000100010
01001101100010000100010101010110
01000001010011000101010101000001
01010100010001010000000000100100
00000111000001110011100000000000
00100010000110010000100100001001
00110110000000000000001111100000
00001100001011100011011000000000
00000011111000000000000000101110
00100000001101100000000000000011
11100000000010000010111000111000
00000000001000000100110000111000
00000000001000100101110101000000
00000000000000000010001010010001
10000011010011100100111101010000
00000000000000010100000000000000
00000000001000101100010010000100
01000100010100100100111101010000
00000000000000010100000100000000
00000000001000101100111110000011
01000100010101010101000000000000
00000001010000100000000000000000
00100010110110111000010000111111
01000100010101010101000000000000
00000001011100110000000000000000
00100010111001101000010001010011
01010111010000010101000000000000
00000001010000110000000000000000
00100010111100101000010001001111
01010110010001010101001000000000
00000001010001000000000000000000
00100010111111101000001101001110
01001001010100000000000000000001
01000101000000000000000000100011
00001010100000110101001001001111
01010100000000000000000101000110
00000000000000000010001100010101
10000100001011010101001001001111
01010100000000000000001000000110
01000110000000000000000000100011
00100000100000100011111001010010
00000000000000100000011101000000
00000000000000000010001100101101
10000010010100100100000000000000
00000010000010000100000000000000
00000000001000110011100010000001
01001001100000000000001000001000
01000000000000000000000000100011
01000011100000010100101010000000
00001000000010010000100100001000
00000110000001100000011100000111
01000000000000000000000000100011
01001101100000100101001000111110
00000000000000100000100101000000
00000000000000000010001101011101
10000101010001000100010101010000
01010100010010000000000000000001
01001010000000000000000000100011
01101000100001010100001101000001
01010100010000110100100010000000
00000010000010110110000000000000
00000000001000110111010110000101
01010100010010000101001001001111
01010111100000000000001000001101
01000000000000000000000000100011
10000011100000010010101100000000
00000001010011100000000000000000
00100011100100011000000100101101
00000000000000010100111100000000
00000000001000111001101010000110
01001110010001010100011101000001
01010100010001010000000000000001
01010000000000000000000000100011
10100011100000100011000100101011
00000000000000010101000100000000
00000000001000111011000110000010
00110001001011010000000000000001
01010010000000000000000000100011
10111011100000100011001000101010
00000000000000010110010100000000
00000000001000111100010110000010
00110010001011110000000000000001
01010011000000000000000000100011
11001111100000110101010100110010
00101111000000000000000101100110
00000000000000000010001111011001
10000010010011010010101000000000
00000001011010010000000000000000
00100011111001001000001101010101
01001101001010100000000000000001
01101010000000000000000000100011
11101110100000010010101000000000
00000010001010010100000100000000
00000000001000111111100110000001
00101111000000000000001000101011
01000101000000000000000000100100
00000011100000110100110101001111
01000100000000000000001000101011
01000001000000000000000000100100
00001101100000100010101000101111
00000000000001100000011100101001
00000001000010010010101101000101
00000000000000000010010000011001
10000101001010100010111101001101
01001111010001000000000000000101
00000111001010010000000100001001
01101011000000000000000000100100
00101000100001000010111101001101
01001111010001000000000000000001
01101011000000000000000000100100
00111001100000010011110100000000
00000001010101100000000000000000
00100100010001011000001000111100
00111110000000000000000101010111
00000000000000000010010001001110
10000001001111000000000000000001
01011000000000000000000000100100
01011000100000010011111000000000
00000001010110010000000000000000
00100100011000011000001001010101
00111100000000000000000101011010
00000000000000000010010001101010
10000010010101010011111000000000
00000001010110110000000000000000
00100100011101001000001000110000
00111101000000000000000101011100
00000000000000000010010001111110
10000011010011100100111101010100
00000000000000010101110000000000
00000000001001001000100010000011
00110000001111000011111000000000
00000001010111010000000000000000
00100100100100111000001000110000
00111100000000000000000101011110
00000000000000000010010010011110
10000010001100000011111000000000
00000001010111110000000000000000
00100100101010001000010101000110
01000001010011000101001101000101
00000000000000010110000000000000
00000000001001001011001010000001
00110000000000000000000101100000
00000000000000000010010010111111
10000010001011010011000100000000
00000010001000000101110000000000
00000000001001001100100010000100
01010100010100100101010101000101
00000000000000100010000001011100
00000000000000000010010011010011
10000011010000010100111001000100
00000000000000010110000100000000
00000000001001001110000010000010
01001111010100100000000000000001
01100010000000000000000000100100
11101011100001100100100101001110
01010110010001010101001001010100
00000000000000010110001100000000
00000000001001001111010110000011
01011000010011110101001000000000
00000001011001000000000000000000
00100101000000111000011001001100
01010011010010000100100101000110
01010100000000000000101000110011
10000000000001110001001000000011
00100101000000111111111111111000
01000000000000000000000000100101
00001110100001100101001001010011
01001000010010010100011001010100
00000000000010100011001110000000
00000111000100100000001100100110
00000011111111111111100001000000
00000000000000000010010100100101
10000010010000110101001000000000
00000111001101000000101000111000
00000000001100100000100101000000
00000000000000000010010100111100
10000101010100110101000001000001
01000011010001010000000000000111
00110100001000000011100000000000
00110010000010010100000000000000
00000000001001010100110010000110
01010011010100000100000101000011
01000101010100110000000000011001
00100000000000110000011100000111
00110100001000000011100000000000
00110010000010010000100100010001
00000010000010000001100000011100
00000011000001111011111111110001
00001001000010010000000100000001
01000000000000000000000000100101
01011111100001010101100001000010
01011001010101000100010100000000
00000001011001110000000000000000
00100101100001011000010101011000
01010111010011110101001001000100
00000000000000010110100000000000
00000000001001011001001010000001
01000000000000000000000101101101
00000000000000000010010110011111
10000010001100100100000000000000
00000111000000100011010000000100
00001110001011010000001101101101
00000000000000000010010110101000
10000001001000010000000000000001
01101110000000000000000000100101
10111000100000100011001000100001
00000000000010000000001000000110
00000110001011100011010000000100
00001110011011100000000000000000
00100101110000011000001101000000
00101101001011010000000000000110
00000010001011010000001000010010
00000110011011100000000000000000
00100101110100101000001101000000
00101011001010110000000000000110
00000010001011010000001000010001
00000110011011100000000000000000
00100101111000101000001000101011
00100001000000000000011000000011
00000100001011010000111000000011
01101110000000000000000000100101
11110010100000100101011101000000
00000000000000010110111100000000
00000000001001100000000110000010
01010111001000010000000000000001
01110000000000000000000000100110
00001011100000110101011100101011
00100001000000000000011000000011
00000100001011110000111000000011
01110000000000000000000000100110
00010101100000100100001101000000
00000000000000010111000100000000
00000000001001100010010110000010
01000011001000010000000000000001
01110010000000000000000000100110
00101111100000110100001100101011
00100001000000000000011000000011
00000100001100010000111000000011
01110010000000000000000000100110
00111001100001110100010001000101
01000011010010010100110101000001
01001100000000000000100000110100
00001010001101100000000000000011
10110000100000000110111000000000
00000000001001100100100110000011
01001000010001010101100000000000
00001000001101000001000000110110
00000000000000111011000010000000
01101110000000000000000000100110
01011111100001100100001001001001
01001110010000010101001001011001
00000000000010000011010000000010
00110110000000000000001110110000
10000000011011100000000000000000
00100110011100011000010001000011
01001000010000010101001000000000
00001000001101000010000000111000
00000000000111111111000000010001
01110001000000000000000000100110
10000110100001010100001101001000
01000001010100100101001100000000
00000001010000000000000000000000
00100110100110011000001001000010
01001100000000000000001000110100
00100000010000000000000000000000
00100110101001101000010100110010
01000100010100100100111101010000
00000000000000100000000101000001
00000000000000000010011010110010
10000100001100100100010001010101
01010000000000000000001000000100
01000100000000000000000000100110
11000000100001010011001001001111
01010110010001010101001000000000
00001101001101000000001100111000
00000000001001101111111100110100
00000011001110000000000000100110
11111111010000000000000000000000
00100110110011011000010100110010
01010011010101110100000101010000
00000000000001100000011100000110
00000110000010010000011001000110
00000000000000000010011011100110
10000100010100000100100101000011
01001011000000000011001100110011
10000000001011110000001000110110
00000000000000111011000000000000
00101110000000101000000000000110
00000011000001110001001011111111
11111001000000010000001000110110
00000000000000111011000000000100
00101110001101100000000000000011
10110000000000000010110100000010
10000000000001100000100100000011
00010010111111111111100100000001
00110110000000000000001110110000
00000100001011011100000000000010
00000010010000000000000000000000
00100110111110001000010001000100
01010101010011010101000000000000
01010101000001000000111000000111
00110100000010100011100000000000
00110010000010010000001000110100
00000110001110000000000000011101
00110001001101000010000000111000
00000000001100100000100100000010
00110100000010000011100000000000
00001100111111110011010000100000
00111000000000000011001000001001
00110100000010000010000000000011
00000111000001110011010000100000
00111000000000000011001000001001
00000010001100010011010000000010
00111000000000000001110100110001
00010001000010010001000100000010
00001000000110000001110000000011
00000111101111111110100000001001
00001001000000010000000100000010
00001000000110000001110010111111
10111000001101000000101000111000
00000000001100100000100100001001
00000001010000010000000000000000
00100111001101101000001000101110
01010011000000000011101100001010
00110011100000000011000100110100
00100000001110000000000000011101
01101011000000100011011000000000
00000011101100000000000000101110
00000010100000000001000100000011
00110100000010100011100000000000
00110010000010010000001000111000
00000000000111001010001100000111
00010010111111111110111000000001
00110110000000000000001110110000
00000000001011010000001010000000
00000110000010010000001100010010
11111111111110010000000100110100
00001010001110000000000000110010
00001001010000000000000000000000
00100111100101101000011001010101
01001110010101010101001101000101
01000100000000000000101000110110
00000000000000011110111000000000
00110101000000011011100100101101
01001111001110000000000000100111
11100011001101000010000000011000
10000000000011100011010100101000
00000100001101000000100000111000
00000000001100100001110000111000
00000000001000010111110001000000
01001100010011110101011100100000
01001101010001010100110100001010
00000000000000000010011111011010
10000110010000110101001001000101
01000001010101000100010100000000
00101111001110000000000000100111
11101101001101000010000000111000
00000000000111111111000000000001
00111000000000000010100001110001
00000010000100100001001000110100
00000110000000110011000000110100
00110110000001000011001000010001
00000010001101000000100100001110
00000100001011100011010000000100
00001110001101000100000000000100
00110010001101000000010100001110
00110101000000011011100101101110
00000000000000000010100000010000
10000101010001000100111101000101
01010011001111100000000000011101
00111000000000000011010101101010
00111000000000000011010001110000
00110100000010100000010000110000
00110100000001110000111000001001
00000100001011100011010000111000
00000100001100100011010000000100
00001110001101000100000000000011
01110010001101010000000110111001
00101101000000100000011100111000
00000000001101010110101000000011
00101110000010010011010000000100
00001110000000100011100000000000
00110101011101010000001000110001
00000010000001110011010010000000
00100010000001000011001000001001
00001110000100010011010000000010
00001110000000100011010100000001
10111001011011100000000000000000
00101000010011001000010001001101
01001111010101100100010100000000
01001011001100111000000001000111
00000111000001000000010000011001
10000000000111100000100100100000
00000011000001110000011100000100
00110001000001000011001000010001
00000011000100010000001100001001
00010001000000100000100000011000
00011100000000110000011110111111
11101111000010010000100100000001
00000001110000000010010000001000
00001110000100100000001100001000
00001110000100100000001100001001
00100000000000110000011100000111
00000100001100010000010000110010
00010010000000110001001000000011
00001001000100010000001000001000
00011000000111000000001100000111
10111111111011110000100100001001
00000001000000010000000101000001
00000000000000000010100010011110
10000100010001100100100101001100
01001100000000000001110100000110
00000110001100111000000000010111
00100000000000110000011100000111
00000100000001000011001000010001
00001001000100010000001000001000
00011000000111000000001100000111
10111111111100110000100100001001
00000001000000010000000101000001
00000000000000000010100011110100
10000110010001100100100101001100
01001100001011100101011100000000
00011110000001100000011000110011
10000000000110000010000000000011
00000111000001110000010000000100
00110000000100010001000100001001
00010001000000100000100000011000
00011100000000110000011110111111
11110010000010010000100100000001
00000001000000010100000100000000
00000000001010010001110010000001
00101100000000000000111000110101
00000001101110010000001000000111
00101101000000110000010000101110
00110100000001000000111000001001
01101110000000000000000000101001
01000111100000100101011100101100
00000000000011010011010100000001
10111001000000100000011100101101
00000011000001000011000000010001
00010001000010010110111000000000
00000000001010010101110110000010
01000011001011000000000000001100
00110101000000011011100100000010
00000111001011010000001100000100
00110010000100010000100101101110
00000000000000000010100101110011
10000010010011010010110000000000
00010100001101010000000110111001
00000010000001110010110100000010
00000111000000110000001000000111
00111000000000000010100010100101
00001001000010010000111000001001
01101110000000000000000000101001
10001000100000100010010000101100
00000000000010100000001000111000
00000000001010010111100000111000
00000000001010011000110101000000
00000000000000000010100110100101
10000101010000010100110001001100
01001111010101000000000000001000
00110101000000011011100100111000
00000000001001011111011101000000
00000000000000000010100110111000
10001000010101100100000101010010
01001001010000010100001001001100
01000101000000000001111000111000
00000000001010100100000100110101
00000001101110010010110100110100
00000110000011100000001000111000
00000000001010110110000100111000
00000000001010100111110000100000
00000100001011100011010000000100
00001110001101010000000110111001
01101110000000000000000000101001
11001100100001000101010101010011
01000101010100100000000000010011
00111000000000000010101001000001
00110110000000000000001111100000
00000000000011100011100000000000
00101011011000010011100000000000
00101010011111000100000000000000
00000000001010011111100110000101
00101011010101010101001101000101
01010010000000000001101000111000
00000000001010100100000100110110
00000000000000000011010110100101
00101101000000100011100000000000
00101011011000010011100000000000
00101010011111000000111000110110
00000000000000000011010110100101
01101110000000000000000000101010
00010111100000010011101000000000
00110011001110000000000000100111
11101101001101000010000000111000
00000000000111111111000000000001
00111000000000000010100001110001
00000001001110000000000000110101
01101010000000100011000100110100
00100000001000100000001100110010
00100000000111000011011000000000
00000011111000000001100000101110
00110110000000000000001111100101
00000000001101010011010110100001
00101110001000000011011000000000
00000000001101011010100101101110
00000000000000000010101000111101
11000001001110110000000000101001
00110100010000000011100000000000
00101001011110000011010100000001
10111001001011010011100000000000
00110101011010100000011100001000
00111000000000000011010001110111
00001111000010000011100000000000
00110100011100000011000000001000
00110001001101001101111100100001
00001001001100100010000000110110
00000000000000111110000000011000
01101110000000000000000000101010
01111000100010000100001101001111
01001101010100000100100101001100
01000101001011000000000001001010
00000010000100100001001000101111
00110101100000000000000000000100
00100001100000000000001100000001
00100000001101010000000110111001
00000010000001110010110100000111
00110101001100100110100000101101
00011011100000000000111100001000
00101110001101000011100000001000
00110010000010010011010000000100
00001110000010010010111011000000
00100001000010000000010000010010
00010010001011110011010100111111
11111111001000010000001000000111
00111000000000000010100010100101
00001001000010010000111000010010
00000010001100010011010000111111
00100001001100111000000000000100
00000100001100100001000100001001
00101110010000000000001000110100
11111111001000010000001100110100
00001000001110000000000000100101
00101110000000100011010011111111
00100001000000110011010000001000
00111000000000000010010100101110
00110100111111110010000100111000
00000000001010010111100000111000
00000000001010010111100000111000
00000000001010010111100001000000
00000000000000000010101010101001
10000001001001110100000000011000
00110100001000000011100000000000
00011111111100000000001000110001
10000000000010000011100000000000
00011110010111001000000000000010
01000000001101100000000000000000
00101011010001000000110101000000
00001110010101110110111101110010
01100100001000000110111001101111
01110100001000000110011001101111
01110101011011100110010000000000
00000000001010110010100011000111
01001100010010010101010001000101
01010010010000010100110000000000
00110110001101010000000110111001
00000010000001110010110100000011
00000010001101001111111100011011
10000000000111100000001000110101
11111111111111110001101110000000
00001100000001000011010000110110
00000100001100100001000100101110
00110100000001011100000000001010
00000100001101000011010100000100
00110010000100010011000000110100
00000011110000000000101000000100
00110100001101000000010000110010
00010001001100100011010000000010
00001110000010010110111000000000
00000000001010110101011110001000
01000011010011110100111001010011
01010100010000010100111001010100
00000000000011010011100000000000
00101010010000010011100000000000
00101011011000010011100000000000
00101010011111000100000000000000
00000000001010111001101110001001
01001001010011010100110101000101
01000100010010010100000101010100
01000101000000000000101100111000
00000000001101010110101000000010
00110001001101000100000000100010
00000011011100100000000000000000
00101011101101111100001101011011
00100111010111010000000000001001
00111000000000000010101100101100
00111000000000000010101101100001
01000000000000000000000000101011
11010010110001110100001101001111
01001101010100000100100101001100
01000101000000000001001000111000
00000000001010110010110000111000
00000000001010110110000100110110
00000000000000000010101010110100
00111000000000000010101010110100
01000000000000000000000000101011
11100101110010010101101101000011
01001111010011010101000001001001
01001100010001010101110100000000
00001001001110000000000000101011
00101100001110000000000000101010
10110100010000000000000000000000
00101100000001011100100001010000
01001111010100110101010001010000
01001111010011100100010100000000
00101101001101000010000000111000
00000000000111111111000000111000
00000000000111100101110000000010
00011100100000000000011100110110
00000000000000000010110001010110
00001101001101000000000100010110
10000000000001110011100000000000
00101010101101001100000000001110
00111000000000000010101101100001
00110110000000000000000000101010
10110100001110000000000000101010
10110100010000000000111001110111
01101111011100100110010000100000
01101110011011110111010000100000
01100110011011110111010101101110
01100100000000000000000000101100
00011110110001100101101101000011
01001000010000010101001001011101
00000000000010010011100000000000
00100110100011010011100000000000
00101011011000010100000000000011
00000100001011110010001000000011
01110000001101010000000110111001
00101101000000110000111100010010
00110101001111111111111101100001
00110101000000011011100100101101
00001111000100100011010100111111
11111111011000010000000000000000
00101100011010011100001001001001
01000110000000000000110000110101
00000001101110010010110100110101
10000000000000000011100000000000
00101001011000100100000000000000
00000000001011001001101011000100
01010100010010000100010101001110
00000000000010110000001000111000
00000000001011001000000100000011
00111000000000000010110001111011
01000000000000000000000000101100
10101111110001000100010101001100
01010011010001010000000000010111
00110101000000011011100100101101
00110101110000000000000000111000
00000000001010010110001000000011
00000010001110000000000000101100
10000001000000110011100000000000
00101100011110110100000000000000
00000000001011001100010111000101
01000010010001010100011101001001
01001110000000000000010000110101
00000001101110010110110100000000
00000000001011001110011111000101
01000001010001110100000101001001
01001110000000000000110100111000
00000000001011001000110000110101
11000000000000000010001000111000
00000000001010010110001001000000
00000000000000000010110011110111
11000101010101010100111001010100
01001001010011000000000000001101
00111000000000000010110010001100
00110101100000000000000000100010
00111000000000000010100101100010
01000000000000000000000000101101
00010000110001010101011101001000
01001001010011000100010100000000
00000101001110000000000000101100
10011111010000000000000000000000
00101101001010011100011001010010
01000101010100000100010101000001
01010100000000000000101000000011
00111000000000000010110011111111
00111000000000000010110010110110
01000000000000000000000000101101
00111010110000100100010001001111
00000000000001010011010100101101
10001111110000000001000000000000
00000000001011010101000111000011
00111111010001000100111100000000
00000101001101010010110110011011
11000000000000010011100000000000
00101010101101000011010100101101
10010101001110000000000000101010
10110100001000000011100000000000
00101110001011110011010100000001
10111001001011010011100000000000
00101110001011110011010110000000
00000000001110000000000000101001
01100010001101010000000110111001
01101101000000000000010000100000
00011100000001100100011000000000
00000100000000110000011100000111
01000000000000000000010100000100
00000100000101110000011001000110
00000000000000000010110101011111
11000100010011000100111101001111
01010000000000000000010000110101
00101101111010111100000000010010
00000000000000000010110110100100
11000101001010110100110001001111
01001111010100000000000000000100
00110101001011011111011011000000
00000001001110000000000000101010
10110100001110000000000000101101
00011000001101010011010110100001
00000111000010000010110100000010
00101101000000110011010000000100
00001111000000110011001110000000
00000111001110000000000000101100
10110110111111111111000100001001
00101110001101010010111000001111
00111000000000000010101010110100
01000000000000000000100100001001
00010001000000100000100000011000
00011100000000110000011101000000
10000000000011000000001000011110
00000011000010010000111000000010
00001000000110000001110000000011
00000111011001000000000000000000
00101101101101001000011001010101
01001110010011000100111101001111
01010000100000000000010000001001
00001001000000010100000100000000
00000000001011100000011011000101
01001100010001010100000101010110
01000101000000000001000000110101
00000001101110010010110100111000
00000000001011100010111100110101
11000000000000000011100000000000
00101001011000100100000000110101
00110101101000010000011100001000
00101101001101000000010000001110
00000011000001000010111000001001
01101110000000000000000000101110
00010111110001000100001101000001
01010011010001010000000000000001
00100000010000000000000000000000
00101110010000011100001001001111
01000110000000000001010000000111
00110101000001000001011000111000
00000000001010010110001000111000
00000000001011001001111100110100
00000001001110000000000000101001
01111000000010010101000100000000
00000000001011100100111011000101
01000101010011100100010001001111
01000110000000000000011100000111
00111000000000000010110011001100
00001001010000000000000000000000
00101110011010111100011101000101
01001110010001000100001101000001
01010011010001010000000000011101
00110100000000010011100000000000
00101001011110000010000000000011
00000111000001110011100000000000
00101100101101100000100100010001
00000010000010000001100000011100
00000011000001111011111111110011
00001001000010010000000100000001
01000000000000000000000000101110
01111110110000010101101100000000
00000111001000000011011000000000
00000011111000000001100001101110
00000000000000000010111010101001
11000001010111010000000000001000
00100000000111000011011000000000
00000011111000000001100001101110
00000000000000000010111010111000
11000111010100100100010101000011
01010101010100100101001101000101
00000000000110110011100000000000
00110101011010100011100000000000
00110100011101110011010100000001
10111001000000100000011100101101
00000010000001110010111000110100
00111000000010000011001000001001
00110100000001000000111000001001
01101110000000000000000000101110
11001000100001000100010101011000
01001001010101000000000000000010
00001001001101110000000000000000
00101110111100011000001101010010
01010100010010010000000000000010
01111100010000000000000000000000
00101110111111101000011101000101
01011000010001010100001101010101
01010100010001010000000000000010
00111001010000000000000000000000
00101111000010101000010101000011
01000101010011000100110000101011
00000000000000110011010000000100
01001110000000000000000000101111
00011010100001010100001101000101
01001100010011000101001100000000
00000100001101000000010000101001
01000001000000000000000000101111
00101001110010000101001101001100
01001001010101000100010101010010
01000001010011000000000000100010
00000010001101000000000100001110
00110101110000000000000000100010
00111000000000000010100101100010
00000010000001110011010100000001
10111001001011010000011100111000
00000000001010011000110100001001
00111000000000000010101101100001
00001001001110000000000000101011
01100001010000000000000000000000
00101111001110011100100001000011
01001100010010010101010001000101
01010010010000010100110000000000
00011011000000100011010000000010
00001110001101011100000000000000
00100010001110000000000000101001
01100010001101010000000110111001
00101101000001110011100000000000
00101001101010100000100100111000
00000000001010110110000101000000
00000000000000000010111101101010
10000010001011000010001000000000
00001001001110000000000000110000
00011111001110000000000000101001
10101010010000000011011000000000
00000011111000000001010000000010
00000111001011010011011000000000
00000011111001000000000000001111
00000100000011100011010100000001
11100000000110011000000000001000
00110110000000000000001111100100
00000000000010000010111000001000
00101101000000100000011000001110
00001001011011100000000000000000
00101111100101001100001001010011
00100010000000000010001100111000
00000000001100000001111100110110
00000000000000111110000000011000
00101101100000000000011100111000
00000000001011110100010011000000
00010001000000100000011100000010
00111000000000000010111110100010
00000010000001110000001100111000
00000000001010001010010100001001
00001001010000000000000000000000
00101111110010101100001001000011
00100010000000000010010000111000
00000000001100000001111100110110
00000000000000111110000000011000
00101101100000000000011100111000
00000000001011110111010111000000
00010010000000100011100000000000
00101111101000100000001000000111
00000100000001000011001000010001
00000011001110000000000000101000
10100101000010010100000000110100
00100010001110000000000000011111
11110000001110000000000000011110
01001101010000000000000000000000
00101111111101101100001000101110
00100010000000000000110000111000
00000000001011111100111100110101
00110010000111000011100000000000
00101010101101000100000000000000
00000000001100000010111011000001
00101000000000000000100000110100
00101001001110000000000000011111
01111000000000010100000100000000
00000000001100000100001111000001
01011100000000000000011100110100
00001010001110000000000000011111
11110000010000010000000000000000
00110000010100111100001000101110
00101000000000000000101100110100
00101001001110000000000000011111
01111000001110000000000000110010
00011100010000000000000000000000
00110000011000101000010101000001
01001100010010010100011101001110
00000000000000010100000000000000
00000000001100000111011010000111
01000001010011000100100101000111
01001110010001010100010000000000
00000111001101000000001100001110
00100110001001100010010101100101
00000000000000000011000010000011
10000110010011010100000101010010
01001011010001010101001001000000
00110000001101010000000110000001
00110101000000011011100100101101
00000111000010000011010001000000
00111000000000000010100010100101
00110100010000000011100000000000
00101001110000000011100000000000
00101010010000010000100100111000
00000000001010110110000100110101
00110000110100010011100000000000
00101011011000010011010000110111
00111000000000000010100101111000
00111000000000000010101001111100
01000000001101010000000110000001
00110100010000000011100000000000
00101000101001010100000000000000
00000000001100001001100010000111
01000010010101010100011001000110
01000101010100100011101000000000
00011001000100010010011000100101
00111000000000000010101001000001
00110101000000011011110100101101
00000010001110000000000000101011
01100001001110000000000000101010
01111100000011100011010100000001
10111101011011100000000000000000
00110000110111111000100001010011
01000010010101010100011001000110
01000101010100100011101000000000
00011100001110000000000000101010
01000001001000000001001000111000
00000000001010110110000100111000
00000000001010100111110000110101
00000001101110010010110100000010
00110100000001010000111100101110
00111000000000000010100111000000
01000000000000000000000000110001
00000110100001010100010001000101
01000110010001010101001000000000
00100011001110000000000000101010
01000001001101010000000110111001
00101101001101000011011000000100
00110010000100010011010100110001
01011100000001000010111000110100
00000100000011100011010000111001
00000100001100100001000100110101
00000001101110010010111000111000
00000000001010100111110001000000
00110110000000000000000000110001
01100010000011010001010001010101
01101110011010010110111001101001
01110100011010010110000101101100
01101001011110100110010101100100
00100000011101100110010101100011
01110100011011110111001000000000
00000000001100010011000110000010
01001001010100110000000001001011
00111000000000000010101100101100
00000010001101100000000000000000
00110001111001000001011010000000
00001001000000010011011000000000
00000011101100001001000011000000
00110101000000100011011000000000
00000000001100011111011000010110
10000000000010010000000100110110
00000000000000111011000010001100
11000000001001000000001000110110
00000000000000000011001000001001
00010110100000000000100100000001
00110110000000000000001110110000
10001000110000000001001100000010
00110110000000000000000000110010
00011100000101101000000000001001
00000001001101100000000000000011
10110000100001001100000000000010
00010001001011100100000000000000
00000000001100010111101110000001
00111111000000000000011000101101
00111000000000000001110100010000
01000000000000000000000000110001
11001111100001000100101101000101
01011001001111110000000000001000
00110110000000000000001110110000
10010000001011010011100101000000
00000000000000000011000111011101
10000011010010110100010101011001
00000000000010000011011000000000
00000011101100001000110000101101
00111001010000000000000000000000
00110001111100001000010001000101
01001101010010010101010000000000
00001000001101100000000000000011
10110000100010000010110100111001
01000000000000000000000000110010
00000010100001000101010001011001
01010000010001010000000000001000
00110110000000000000001110110000
10000100001011010011100101000000
00000000000000000011001000010101
10000011010100000100000101000100
00000000000001100011011000000000
00000011111001000000000001000000
00000000000000000011001000101000
10000100010010000100010101010010
01000101000000000000010000110101
00000001101110010110110100000000
00000000001100100011100010000101
01001000010001010101001001000101
00110001000000000000010000110101
00000001101111010110110100000000
00000000001100100100011110001010
01001001010011100100110001001001
01001110010001010101001101001001
01011010010001010000000000000100
00110101001100100110100001000000
00000000000000000000000000001010
00000000000000000011001001010111
10000100010000100100000101010011
01000101000000000000011000110110
00000000000000111011000010000000
01000000000000000000000000110010
01110000100001010101001101010100
01000001010101000100010100000000
00000110001101100000000000000011
11100000000110000100000000000000
00000000001100101000000110000011
00111110010010010100111000000000
00000110001101100000000000000011
11100000000010000100000000000000
00000000000000000000000000110110
00000000000000111110010000000000
00110110000000000000000000110101
10101001001011010011001110000000
00010111001000000000001100000111
00000111000000100011000100001110
00010001000010010001000100000010
00001000000110000001110000000011
00000111101111111111001100001001
00001001000000010000000100000100
00110001000100010011100000000000
00101000101001010011010000000001
00110110000000000000000000110101
10101001001110000000000000100101
11110111010000000011011000000000
00000011111001000000000000110110
00000000000000000011010110101001
00101101001100111000000000110010
00100000000000110000011100000111
00000100000001000011100000000000
00011110010011010000011000111000
00000000000111100100110100111000
00000000000111100000100010000000
00001011000000010000000100001000
00100000000111000000100100001001
00000001000000010100000000000010
00110001000011100001000100001001
00010001000000100000100000011000
00011100000000110000011110111111
11011000000010010000100100000001
00000001000000010000000101100000
00000000000000000011001010010011
11000010010101000100111100000000
00100011001101000010000000111000
00000000000111111111000000111000
00000000001100101101101010000000
00010001001110000000000000110100
01100100001110000000000000101011
01100001001101000010111000111000
00000000001010010111100011000000
00000111001101100000000000000000
00110011010010000000110101000000
00011101010011000110111101100011
01100001011011000010000001110110
01100001011100100110100101100001
01100010011011000110010100100000
01101110011011110111010000100000
01110010011001010110001101101111
01100111011011100110100101111010
01100101011001000000000000000000
00110011001000001100001000101101
00111110000000000000010100111000
00000000001100110010010101000000
00000000000000000011001101101010
11000001011110110000000000000101
00111000000000000011001110001010
01000000000000000000000000110011
01111000110000100111101100111010
00000000101110010011011000000000
00000000001101011010100100101101
00100000001101000010000000111000
00000000000111111111000000000010
00111000000000000001111001001101
00110110000000000000000000110100
01000011001101000000001000111000
00000000000111100000100010000000
00010111000000010001110010000000
00000111001101100000000000000000
00110101101010010010110100100000
00011100001101000111110100111000
00000000000111110111100000000001
00000001110000000110100100000010
00111000000000000001111001001101
00110110000000000000000000110100
01000111001101000000001000111000
00000000000111100000100000000100
00111000000000000001111001001101
00110110000000000000000000110100
01001001001101000000000100111000
00000000000111100000100000100010
10000000000011110000000100011100
10000000000001110011011000000000
00000000001101011010100100101101
00100000000111001100000000111000
00000010001110000000000000011110
01001101001101100000000000000000
00110100010010100011010000000001
00111000000000000001111000001000
10000000000011100000000100000001
00110110000000000000000000110101
10101001001011010010000000011100
00100000110000000001100100111000
00000000001100101010001100110110
00000000000000000011010110101001
00101101001101000000101000010110
10000000000010010011011000000000
00000000001101000100101100001101
11000000000000100010000010111111
01101001000001000000010000010110
00011100100000000001001100010010
00000010001110000000000000110100
01100100001110000000000000101011
01100001001101000010111000111000
00000000001010010111100011111111
11101001000000010100000100101101
00101101001000000010000000111010
01111101011111010111110000011000
01010100011011110110111100100000
01101101011000010110111001111001
00100000011011000110111101100011
01100001011011000010000001110110
01100001011100100110100101100001
01100010011011000110010101110011
00100101001001010011011000000000
00000011101100000000000000001110
01000000001101000000010001001111
00000010001100010011010000011111
00100001000011100101000100000010
00110001001101000001111100100001
00001110001101000000001101001110
00000000000000000011001110000101
10001011010001000100010101000110
01001001010011100100100101010100
01001001010011110100111001010011
11111111111100110011011000000000
00000011111000000001111000110001
00110110000000000000001111100000
00011100011100100000000000000000
00110100100001001000100001010111
01001111010100100100010001001100
01001001010100110101010000000000
00001100001101100000000000000011
11100000000111010000011100001000
00110001000100010000001000001001
01110010000000000000000000110100
10100010100010010100011101000101
01010100001011010100111101010010
01000100010001010101001000000000
00100111001101100000000000000011
11100000000111010011000100000010
00110110000000000000001110110000
00000000001100100011011000000000
00000011111000000001111000001110
00010010000000100011000100000011
00000010001101100000000000000011
11100000000111100001011010111111
11110100000000010011011000000000
00000011101100000000000001110001
00000000000000000011010010111101
10001001010100110100010101010100
00101101010011110101001001000100
01000101010100100000000000100100
00000010001101100000000000000011
11100000000111010011001000110110
00000000000000111110000000011110
00000010000001100000111000000011
00000011000001110000011100001000
00110010000010010001000100000010
00001000000110000001110000000011
00000111101111111111010100001001
00001001000000010000000101000000
00000000000000000011010011110100
10001011010100110100010101010100
00101101010000110101010101010010
01010010010001010100111001010100
00000000000001100011011000000000
00000011111000000001110001110010
00000000000000000011010100101000
10001011010001110100010101010100
00101101010000110101010101010010
01010010010001010100111001010100
00000000000001100011011000000000
00000011111000000001110001110001
00000000000000000011010101000000
10001110010001100100111101010010
01010100010010000010110101010111
01001111010100100100010001001100
01001001010100110101010000000000
00000001011000000011011000000000
00000011111000000001110000110001
00111000000000000011010110010110
01000000001101100000000000000011
11100000000111000011000100111000
00000000001011110011000100110110
00000000000000000000000110000001
00001110011011100000000000000000
00110101010110001000100101000111
01000101010101000010110101000101
01001110010101000101001001011001
00000000000010110011100000000000
00101111001100010011011000000000
00000000000000011000000100001110
01101101000000000000001111100101
00000000000000000000001111100000
00101100000000000000000000000000
00000000000000000000000000000000
00000000000000000000000000000000
00000000000000000000000000000000
00000000000000000000000000000000
00000000000000000000000000000000
00000000000000111110011000000000
00000000000000000000000100000000
00000000000000000000000000000000
00000000000000000000000000000000
00000000000000000000000000000000
00000000000000111110010000000000
00000000000000000000000000000000
00000000000000010000000000000000
00000000000000000000000000000000
00000000000000000000000000000000
00000000000000000000000000000000
00110110000000000000000000110101
11000000001101100000000000000011
11100000000000000011010100000000
00101100001110000000000000101000
10100101010000000000000000000000
00000000000010100000000000000000
00001101001110110000000000000000
00001100100110000000000000000000
00000110111111000000000000000000
00000110110101010000000000000000
00000000000000000000000000000000
00000000000000000000000000000000
00000000000000000011011000000000
00000000001101011111111000110110
00000000000000111011000010000000
00110100000010000010000000000011
00000111000001110000010000101101
00000100001011100011010000000100
00001110000000110011010000000100
00001110000000110000100100010001
00000010000010000001100000011100
00000011000001111011111111101011
00001001000010010000000100000001
00000001000000010100000000000000
00000000000000000000000000000000
